"","0","1","2","3","4","5","6","7","8","9","10","11","12","13","14","15","16","17","18","19","20","21","22","23","24","25","26","27","28","29","30","31","32","33","34","35","36","37","38","39","40","41","42","43","44","45","46","47","48","49","50","51","52","53","54","55","56","57","58","59","60","61","62","63","64","65","66","67","68","69","70","71","72","73","74","75","76","77","78","79","80","81","82","83","84","85","86","87","88","89","90","91","92","93","94","95"
"1",0.00175717192580384,0.00160980762474683,0.000784567538827546,5.89457204228058e-07,0.00669092872519269,0.00241146942249699,0.00516423456624202,0.000289423487275977,0.00489308425229711,0.00206368967200243,0.00303039948693645,1.23786012887892e-05,0.00225821054939769,4.18514615001922e-05,0.00257062286763856,0.00893086610125932,0.00383206128468661,0.00257651743968084,0.000142059186218962,1.82731733310698e-05,5.89457204228058e-07,5.89457204228058e-07,0.000106691753965279,5.89457204228058e-07,5.89457204228058e-07,0.000961404700095964,5.89457204228058e-07,0.000254056055022293,6.48402924650864e-06,5.89457204228058e-07,3.59568894579116e-05,5.89457204228058e-07,0.00525265314687623,0.0161988734293913,0.116424281864288,0.0149138567241741,0.0288780978923368,0.0280057012300793,0.0736002159771196,0.0283829538407852,0.00011848089804984,5.89457204228058e-07,0.088649058401062,5.89457204228058e-07,0.000330685491571941,0.0372660739085021,0.0597361825336757,0.0230896281468173,5.89457204228058e-07,4.18514615001922e-05,0.00509349970173465,0.0397358995942177,6.48402924650864e-06,0.00012437547009212,5.89457204228058e-07,5.89457204228058e-07,5.89457204228058e-07,1.23786012887892e-05,0.000867091547419474,6.48402924650864e-06,0.0564352221899986,0.000348369207698783,0.00279461660524523,0.0316308630360818,0.0193406803279268,0.00478698195553606,0.0430014925056411,5.89457204228058e-07,0.0135050540060691,0.00400300387391275,0.0364467283946251,0.0185625968183458,5.89457204228058e-07,0.000766883822700704,0.0209793713556808,0.000230477766853171,5.89457204228058e-07,0.013882306616775,0.0229599475618871,0.0272924580129633,0.002558833723554,0.00257062286763856,5.89457204228058e-07,0.00932580242809211,0.00333691723313504,0.00561222204145534,0.00573011348230096,5.89457204228058e-07,5.89457204228058e-07,5.89457204228058e-07,5.89457204228058e-07,0.000513417224882639,5.89457204228058e-07,0.000884775263546315,0.0112474329138756,0.0240622325337936
"2",0.0273203799284033,0.0452272183944684,0.0053142010347195,0.0458593596753629,0.0283816110484504,0.0403424903148294,0.00377407500490388,0.0334502347734406,8.04543448411141e-06,0.0216464330374657,4.21427520596312e-06,0.011528341383876,0.00713400169183994,0.0158575513681836,3.83115927814829e-07,3.83115927814829e-07,0.00421848948116909,0.00164011928697529,0.00254044171734013,0.00863198496959592,0.00939055450666928,0.00997672187622597,0.000199603398391526,0.00762822123872106,0.00119187365143193,0.00250979244311495,0.00187765116222048,0.00602296550117693,4.21427520596312e-06,4.21427520596312e-06,3.83115927814829e-07,4.21427520596312e-06,0.01793403969694,0.00592718651922323,3.83115927814829e-07,0.0279716770056885,0.00119187365143193,0.00582374521871322,3.83115927814829e-07,0.0303776450323656,0.00147154827873676,3.83115927814829e-07,4.21427520596312e-06,0.0114785363132601,5.40193458218909e-05,3.83115927814829e-07,3.83115927814829e-07,0.0102257472293056,0.0174321578315026,0.0212863040653197,0.0229528583513142,0.0258568770841507,0.0214778620292272,0.0353964636867399,0.0316457587534327,0.0504529196498627,0.0156506687671636,0.0152407347244017,0.0176581962289133,0.0328640674038839,0.0107889276431934,0.0184972201108278,0.0135090507306787,0.0503379848715182,0.0135205442085131,0.00886568568556297,0.013026324661632,0.022144483743625,1.18765937622597e-05,0.0139266470919969,3.83115927814829e-07,0.0117697044183994,3.83115927814829e-07,0.00544829160945469,0.00296953155649274,0.00724893647018439,3.83115927814829e-07,0.00345608878481758,4.25258679874461e-05,0.00580842058160063,3.83115927814829e-07,8.04543448411141e-06,0.00956295667418596,3.86947087092977e-05,0.000444797592193017,0.00153284682718713,0.00777763645056885,6.93439829344841e-05,0.00144856132306787,0.000471615707140055,0.00690796329442919,0.00202706637406826,3.83115927814829e-07,1.95389123185563e-05,0.00624900389858768,3.83115927814829e-07
"3",0.000649493253005407,5.37910223228297e-05,4.4455390349446e-07,0.000111583029777109,0.00747339567164537,0.00134744288149171,0.000800641580193523,0.000769522806948911,4.4455390349446e-07,4.4455390349446e-07,0.000662829870110241,4.4455390349446e-07,0.0739831051734516,0.0741342535006397,0.00297895570731638,0.0968287302740319,0.000164929498196445,0.0035791034770339,4.89009293843906e-06,0.00870925552335997,0.00795795942645433,0.00341017299370601,0.00119629455430359,0.0161466423288223,0.000880661282822526,0.00181422448016089,6.26821003927189e-05,0.00332570775204206,0.0762369934641685,0.0898581250672388,2.26722490782175e-05,0.290205232755087,4.4455390349446e-07,0.000800641580193523,4.4455390349446e-07,4.4455390349446e-07,0.0188006291326842,0.00556181388661919,4.4455390349446e-07,0.00585077392389059,0.000116028568812054,4.4455390349446e-07,4.89009293843906e-06,4.4455390349446e-07,0.0506217975448177,0.0591572324919113,6.26821003927189e-05,0.0870796631703984,0.00124964102272293,0.000911780056067139,4.89009293843906e-06,4.4455390349446e-07,0.00123630440561809,0.000120474107846999,0.000129365185916888,4.4455390349446e-07,1.37811710083283e-05,0.000587255706516182,2.26722490782175e-05,4.4455390349446e-07,4.89009293843906e-06,0.00132076964728204,4.4455390349446e-07,4.04544052179959e-05,0.00116517578105898,0.000227167044685669,4.4455390349446e-07,0.000298295669244783,4.4455390349446e-07,9.33563197338366e-06,4.4455390349446e-07,4.4455390349446e-07,4.4455390349446e-07,4.89009293843906e-06,0.00021827596661578,0.000889552360892415,4.4455390349446e-07,4.4455390349446e-07,4.4455390349446e-07,4.4455390349446e-07,4.4455390349446e-07,4.4455390349446e-07,8.93553346023865e-05,9.33563197338366e-06,4.4455390349446e-07,4.4455390349446e-07,4.89009293843906e-06,4.4455390349446e-07,4.4455390349446e-07,4.4455390349446e-07,4.4455390349446e-07,4.4455390349446e-07,4.4455390349446e-07,4.4455390349446e-07,4.4455390349446e-07,4.4455390349446e-07
"4",3.62222247980249e-07,0.000594406708935588,3.62222247980249e-07,0.00452814032200109,0.0136561409711034,0.0302857643758766,0.00579954041241176,0.0836519681708066,3.62222247980249e-07,0.00215920682021026,3.62222247980249e-07,0.00964996290844181,0.000326362245430204,0.00266269574490281,3.62222247980249e-07,0.0137611854230176,0.00246709573099347,3.62222247980249e-07,0.000395184472546451,0.00392685139035388,3.62222247980249e-07,1.48511121671902e-05,5.46955594450175e-05,1.84733346469927e-05,0.00059802893141539,0.000945762289476429,3.62222247980249e-07,0.00189478457918468,3.62222247980249e-07,3.62222247980249e-07,7.60666720758522e-06,0.00100371784915327,0.0706300783559167,0.0185823635436347,0.0175753856942497,0.0260550085194673,0.00522360703812316,0.00714338495241849,0.0123304075434956,0.00799098501269227,0.0855391460827837,0.0739480341474158,0.0360414758962827,0.0594627664506856,0.00675218492459982,1.84733346469927e-05,3.62222247980249e-07,0.000105406674162252,0.00646240712621562,0.00336902912846429,4.02066695258076e-05,0.0281703864476719,0.000482117812061711,0.00272065130457965,0.000322740022950402,0.0011956956405828,0.0019237623590231,0.00232945127676098,0.00121018453050201,0.00358998469973225,0.00327847356646923,0.000663228936051835,0.00102907340651189,0.012286940873738,0.0246024973050665,0.0080344516824499,0.0302133199262805,0.00756718498255538,0.0216974748762649,0.0083278517033139,0.0315535422438075,0.0124173408830109,0.035577831418868,0.0071723627322569,0.0192271191450396,0.0179702079445481,0.0293476087536077,0.0132504520533655,0.0226066527186953,0.0215888082018708,3.62222247980249e-07,0.000163362233839092,0.000732051163168083,0.000619762266294206,0.00020320668111692,0.00199620680861915,0.00315531800215595,3.62222247980249e-07,3.65844470460051e-05,0.000333606690389809,0.000239428905914945,0.00249607351083189,3.62222247980249e-07,1.48511121671902e-05,0.000768273387966108,0.00320602911687318
"5",0.0160595631460737,0.0077966865732878,0.00915255550478384,0.015236357009094,0.0213949954349478,0.0143163030912931,0.00757217580865696,0.0164645629567804,0.0181065730588843,0.00304674314119614,0.00250967817482433,0.0100065768447521,4.40217185550664e-07,4.40217185550664e-07,4.40217185550664e-07,0.00215310225452829,0.0422216704833497,0.019189507335339,0.0308288497212985,0.0383565635942148,0.0258147759778764,0.0191278769293619,0.0252512979803716,0.0314275450936474,0.0143999443565477,0.0144879877936579,0.0107945656068878,0.0235784726752791,4.40217185550664e-07,0.0222930384934711,0.0133214122519486,4.40217185550664e-07,0.0229841794747857,0.00631755682983757,0.000114896685428723,0.020562984954257,0.00949152273765785,4.40217185550664e-07,0.00488685097679791,0.00759418666793449,0.00424853605774945,0.00011929885728423,4.40217185550664e-07,0.00551195938027985,4.40217185550664e-07,4.40217185550664e-07,4.40217185550664e-07,0.0058729374724314,0.00333288431180407,4.40217185550664e-07,0.00121543964930538,0.00224995003534944,0.0129692385035081,0.0105832613578235,0.012542227833524,0.0233671684262148,0.00863309922583406,0.00358821027942345,0.00576728534789924,0.0139597271709971,0.0149986397288967,0.00882679478747635,0.0068722304836314,0.0181461926055839,4.40217185550664e-07,0.0147653246205548,4.40217185550664e-07,0.0114108696666587,0.00849222972645785,0.0174110299057143,4.40217185550664e-07,0.0126302712706341,4.40217185550664e-07,0.00877396872521027,4.40217185550664e-07,4.40217185550664e-07,0.00942549015982525,0.0130880971436068,0.000836852869731811,0.00785831697926489,0.00966760961187812,0.00515098128812831,0.0166802693777002,0.012586249552079,0.0102178810938164,0.00428815560444901,0.0149282049792085,4.40217185550664e-07,0.00855386013243494,0.00550755720842435,0.0106096743889565,0.00650244804776884,0.0227552665382993,0.0114945109319134,0.0189826052581302,0.0277077098757443
"6",0.0691069392051934,0.0346526973910848,0.00379847183856521,0.0310152366810097,0.0683580502354721,0.0154918381800714,0.00671913882047847,0.0226330294270571,0.103186736534441,0.0275008077302459,0.00870369459024005,0.0692353201714314,0.101469641111009,0.0580608269018035,0.0141063935860869,0.168687775350427,5.88412761923917e-06,0.00466504336067135,1.12333345458202e-05,5.34920692658106e-07,5.34920692658106e-07,5.34920692658106e-07,0.00260559869393764,0.00246117010691995,0.00123620172073288,0.00166413827485937,5.34920692658106e-07,5.34920692658106e-07,5.34920692658106e-07,0.000214503197755901,0.00172297955105176,1.65825414724013e-05,0.000193106370049576,0.00586861491915209,3.79793691787256e-05,0.00818482151836169,0.0225367437023787,0.0160160604588764,5.34920692658106e-07,0.0169414732571749,0.000251947646241968,5.34920692658106e-07,5.34920692658106e-07,5.88412761923917e-06,5.34920692658106e-07,0.0237349660539328,5.34920692658106e-07,0.0137265998942997,0.00768734527418965,5.88412761923917e-06,0.00414617028879298,0.0124748854734797,5.34920692658106e-07,0.00222580500215038,5.34920692658106e-07,5.88412761923917e-06,0.00081361437353298,0.000556852441057089,0.000396376233259657,0.00158924937788724,0.0206538228642222,0.00380917025241838,0.00284631300563379,5.34920692658106e-07,5.34920692658106e-07,1.12333345458202e-05,5.34920692658106e-07,0.00656936102653421,5.34920692658106e-07,5.34920692658106e-07,8.61222315179551e-05,5.34920692658106e-07,4.33285761053067e-05,5.88412761923917e-06,1.65825414724013e-05,0.00498599577626621,5.34920692658106e-07,5.34920692658106e-07,0.000246598439315387,5.34920692658106e-07,0.00421036077191196,0.00148761444628219,1.12333345458202e-05,5.34920692658106e-07,5.88412761923917e-06,5.34920692658106e-07,5.93761968850498e-05,5.34920692658106e-07,5.88412761923917e-06,0.000198455576976158,5.34920692658106e-07,5.34920692658106e-07,5.34920692658106e-07,5.34920692658106e-07,5.34920692658106e-07,5.34920692658106e-07
"7",0.0312476654404193,0.0205060731712937,3.49093021421046e-07,0.0217767717692663,0.029750056378523,0.0269189119747983,7.01676973056303e-05,0.0174480183036453,0.0126759167008196,0.0188339175986869,3.84002323563151e-06,0.0184848245772658,3.49093021421046e-07,0.00779559626135338,3.49093021421046e-07,3.49093021421046e-07,0.04512760397212,0.0248802087296994,1.08218836640524e-05,0.0415598732931969,0.030696098466574,0.0269084391841556,0.00108253745942666,0.0476620193076368,0.0240633310595741,0.0168824876089432,0.000429733509369308,0.0360267489036734,7.33095344984197e-06,0.0273098961587898,3.49093021421046e-07,0.00262552861410769,0.00816214393384548,0.00358553442301556,3.49093021421046e-07,0.0149624759911275,0.00514248929855343,3.49093021421046e-07,0.00419295628028818,0.0169523062132274,0.00661217091873603,3.49093021421046e-07,3.49093021421046e-07,0.000813735832932458,3.49093021421046e-07,3.49093021421046e-07,3.87493253777361e-05,3.49093021421046e-07,3.49093021421046e-07,3.52583951635256e-05,0.00793174253970759,3.49093021421046e-07,0.0110351795001407,0.0136917773931548,0.0159608820323916,0.0200662159643031,0.00170741396777034,0.00388924535165187,0.00732781161264918,0.0103160478760133,0.00156777675920192,0.00924084137003651,0.00719166533429497,0.0161214648222453,0.00549507325018869,0.00832970858412758,0.00921989578875125,0.0160341915668901,0.00976448090216808,0.0222515382783989,0.00758614044850075,0.0157374624986822,1.78037440924734e-05,2.12946743066838e-05,0.00167948652605665,2.47856045208943e-05,0.00262203768389348,0.00983080857623807,7.33095344984197e-06,0.00712882859043918,0.0107105229902191,0.00268836535796348,0.0168405964463727,0.00930018718367808,0.00983429950645229,0.0104033211313686,0.0195111580602437,3.84002323563151e-06,0.00754774021614443,0.00425230209392976,0.0131122829775959,0.00919895020746598,0.0128225357698164,0.00859152835019336,0.0172804536533632,0.0148158569221306
"8",0.000632007100608796,0.0113659050510056,0.0036507279807764,0.000355391243063557,0.000896596181739023,0.00528636957321781,6.01338820750519e-07,6.6147270282557e-06,1.86415034432661e-05,0.0104398432670498,0.00209927382324006,8.47887737258231e-05,6.01338820750519e-07,0.00591777533500586,0.00208123365861755,0.00030127074919601,6.01338820750519e-07,0.00618236441613609,6.01338820750519e-07,6.01338820750519e-07,0.000223096702498442,0.00489549933972998,3.06682798582765e-05,6.01338820750519e-07,6.01338820750519e-07,0.00285696073738572,6.01338820750519e-07,3.06682798582765e-05,6.01338820750519e-07,0.0022556219166352,6.01338820750519e-07,0.000187016373253411,0.0817766675726838,0.0683908654227773,0.0189307474160471,0.0301697699758743,0.0971228342782371,0.10960061480881,0.0281252179853225,0.0689861908553203,0.0746808694878277,0.0750957932741456,0.014751442611831,0.0395807225206199,6.01338820750519e-07,0.12064119555779,0.00334404518219364,0.0270488214961791,0.00776388551470995,0.0088643355566834,0.00594784227604339,6.01338820750519e-07,6.01338820750519e-07,0.00315161675955347,0.00015093604400838,6.01338820750519e-07,2.46548916507713e-05,0.00362667442794638,0.00266453231474555,6.01338820750519e-07,0.0010950379925867,0.00451665588265715,6.01338820750519e-07,6.01338820750519e-07,0.00567723980670565,6.01338820750519e-07,0.000229110090705948,0.000331337690233536,0.00543670427840544,0.00247210389210538,6.01338820750519e-07,0.00298925527795083,6.01338820750519e-07,0.00452266927086465,0.000499712560043681,0.0020331265529575,0.00454070943548717,6.01338820750519e-07,0.00466097719963727,6.6147270282557e-06,0.00013890926759337,0.000632007100608796,6.6147270282557e-06,0.00380106268596403,0.000283230584573494,4.87084444807921e-05,3.06682798582765e-05,6.01338820750519e-07,6.6147270282557e-06,6.01338820750519e-07,3.66816680657817e-05,6.01338820750519e-07,0.000698154370891352,0.000379444795893577,6.01338820750519e-07,0.00467300397605228
"9",0.00162108652335761,0.00281701003501859,4.88132045575913e-07,0.000888888454993737,5.36945250133504e-06,0.00187003386660132,4.44200161474081e-05,4.88132045575913e-07,0.00189932178933588,4.88132045575913e-07,0.000840075250436146,0.000761974123144,0.000166453027541386,0.000239672834377773,4.88132045575913e-07,4.88132045575913e-07,0.00180657670067645,4.88132045575913e-07,4.88132045575913e-07,4.88132045575913e-07,4.88132045575913e-07,4.88132045575913e-07,0.000322655282125679,4.88132045575913e-07,0.00092793901863981,0.00177240745748614,4.88132045575913e-07,1.51320934128533e-05,4.88132045575913e-07,5.36945250133504e-06,0.000156690386629868,2.00134138686124e-05,0.00675135432236045,0.00373469828070131,0.26955188501952,4.88132045575913e-07,4.88132045575913e-07,0.00169918765064975,0.164120244495579,0.00339788716925393,0.018290795879775,0.0295080702871095,0.223813912349057,0.0152936651199389,5.90639775146855e-05,4.88132045575913e-07,0.109112644279629,4.88132045575913e-07,0.00609725738128873,0.0149178034448455,4.88132045575913e-07,0.0137023546513614,4.88132045575913e-07,0.000117639822983795,4.88132045575913e-07,4.88132045575913e-07,2.97760547801307e-05,0.00392018845802016,4.88132045575913e-07,0.00240209779627907,0.0125064311397005,0.00195789763480499,4.88132045575913e-07,0.0090260496547442,4.88132045575913e-07,0.00308060133962959,4.88132045575913e-07,0.00199694819845106,4.88132045575913e-07,4.88132045575913e-07,4.88132045575913e-07,4.88132045575913e-07,0.0115496923303717,0.00738104466115338,4.88132045575913e-07,0.00436438861949423,0.0100560082709094,0.00962645207080258,2.97760547801307e-05,0.0163577929792944,4.88132045575913e-07,4.88132045575913e-07,4.88132045575913e-07,0.000410519050329343,6.88266184262037e-05,1.51320934128533e-05,4.88132045575913e-07,0.000268960757112328,4.88132045575913e-07,4.88132045575913e-07,4.88132045575913e-07,4.88132045575913e-07,4.88132045575913e-07,4.88132045575913e-07,0.00321727831239084,0.00536505931292486
"10",0.021404292651529,0.0147142457220071,0.000160362739414406,0.0164170665632116,0.0023922152982747,5.5107470589143e-07,5.5107470589143e-07,5.5107470589143e-07,0.000959421062956979,0.00267877414533824,0.00168683967473367,5.5107470589143e-07,0.0220986467809522,0.0100741966984012,0.000689394457070178,0.0237684031398032,0.011567609151367,0.0108512120337081,0.000187916474708977,0.0181860163691231,5.5107470589143e-07,5.5107470589143e-07,4.46370511772058e-05,5.5107470589143e-07,0.00370928384535521,0.00995296026310511,5.5107470589143e-07,5.5107470589143e-07,5.5107470589143e-07,5.5107470589143e-07,5.5107470589143e-07,5.5107470589143e-07,4.46370511772058e-05,3.91263041182915e-05,0.0229307695868483,0.00218280691003595,5.5107470589143e-07,5.5107470589143e-07,5.01477982361201e-05,5.5107470589143e-07,5.5107470589143e-07,0.000259556186474863,7.77015335306915e-05,0.0146866919867125,5.5107470589143e-07,5.5107470589143e-07,0.00557191635126824,0.00768253247483242,0.0463404230931162,0.0242147736515753,0.0236306344633304,0.0497515755225841,0.0135404565984583,0.00573723876303567,0.00902164401014859,0.00607339433362944,0.0130720430984506,0.00600726536892247,0.00909328372191447,0.00507043836890704,0.0482250985872649,0.0151771484749559,0.0148299714102443,0.0177010706279386,0.0588883941462641,0.0131602150513932,5.5107470589143e-07,0.0492060115637516,0.00824462867484168,0.000303642162946177,6.06182176480573e-06,0.00868548843955482,0.0112149213395965,0.0134026879219855,0.00532944348067602,0.0196739180750299,0.0420916371106933,0.0209303684044624,0.0115731198984259,0.0345915103635109,0.0310040140281577,0.00980968083957333,0.00332904229829012,0.0180758014279448,0.00871855292190831,0.000468964574713607,5.5107470589143e-07,5.5107470589143e-07,0.0059411364042155,0.00396277821006527,5.5107470589143e-07,0.00313616615122812,0.0254987777163023,0.0147858854337729,0.00882876786308659,0.0365698685576612
"11",2.51772731804637e-07,4.80885917746856e-05,2.51772731804637e-07,0.000216776322083792,2.51772731804637e-07,5.28722736789737e-06,7.80495468594373e-06,2.51772731804637e-07,2.51772731804637e-07,2.51772731804637e-07,5.28722736789737e-06,2.79467732303146e-05,0.0155346293250779,0.00548889732607288,0.00231404317801641,0.010927188333053,2.769500049851e-06,2.51772731804637e-07,2.51772731804637e-07,2.51772731804637e-07,7.32658649551492e-05,2.51772731804637e-07,2.51772731804637e-07,2.51772731804637e-07,1.03226820039901e-05,7.80495468594373e-06,2.29113185942219e-05,2.51772731804637e-07,2.51772731804637e-07,0.000146279957178494,2.51772731804637e-07,0.0254368508669542,0.00536301096017056,1.28404093220364e-05,2.51772731804637e-07,0.00184826362417784,0.013371901558876,4.55708644566392e-05,0.00253812090932254,0.00671251280264341,0.00545616687093828,2.51772731804637e-07,2.51772731804637e-07,0.00296109909875433,0.481805139990674,0.0928918011720524,0.0552467423126232,0.270686151190533,2.51772731804637e-07,2.51772731804637e-07,5.28722736789737e-06,2.51772731804637e-07,2.51772731804637e-07,2.769500049851e-06,2.51772731804637e-07,2.51772731804637e-07,2.51772731804637e-07,2.51772731804637e-07,2.51772731804637e-07,2.51772731804637e-07,2.51772731804637e-07,2.51772731804637e-07,3.80176825025001e-05,2.51772731804637e-07,2.51772731804637e-07,3.54999551844538e-05,2.51772731804637e-07,0.000357769051894388,2.51772731804637e-07,2.51772731804637e-07,2.51772731804637e-07,2.51772731804637e-07,2.51772731804637e-07,2.51772731804637e-07,7.80495468594373e-06,0.000133691320588262,2.51772731804637e-07,9.08899561814738e-05,2.51772731804637e-07,2.51772731804637e-07,2.51772731804637e-07,2.51772731804637e-07,9.59254108175665e-05,2.51772731804637e-07,2.51772731804637e-07,2.51772731804637e-07,2.51772731804637e-07,2.51772731804637e-07,2.51772731804637e-07,2.51772731804637e-07,2.51772731804637e-07,2.769500049851e-06,2.51772731804637e-07,2.51772731804637e-07,2.51772731804637e-07,2.51772731804637e-07
"12",2.30436728296202e-07,1.17522731431063e-05,2.53480401125822e-06,2.30436728296202e-07,2.30436728296202e-07,0.000334363692757788,2.53480401125822e-06,2.30436728296202e-07,2.30436728296202e-07,0.000230667165024498,1.63610077090303e-05,2.30436728296202e-07,0.0408082706507026,0.00298208170088114,0.00169163602242242,2.30436728296202e-07,0.00431400599043319,2.30436728296202e-07,2.78828441238404e-05,0.00228385841414365,0.00412274350594734,4.17090478216125e-05,1.63610077090303e-05,0.00337612850626765,0.00117545775103892,2.30436728296202e-07,2.30436728296202e-07,0.00222164049750368,0.364276914894647,0.0539546860000009,0.0135084314494516,0.37153797620326,0.001716984062535,2.30436728296202e-07,2.30436728296202e-07,2.30436728296202e-07,2.30436728296202e-07,2.30436728296202e-07,1.40566404260683e-05,2.30436728296202e-07,0.00166398361502687,0.00158102639284024,9.44790586014426e-06,2.30436728296202e-07,0.122067174149792,2.30436728296202e-07,0.00476796634517671,2.30436728296202e-07,2.30436728296202e-07,2.30436728296202e-07,2.30436728296202e-07,6.47527206512326e-05,2.30436728296202e-07,6.24483533682706e-05,2.53480401125822e-06,2.30436728296202e-07,2.30436728296202e-07,2.30436728296202e-07,1.63610077090303e-05,4.83917129422023e-06,4.63177823875365e-05,2.30436728296202e-07,9.44790586014426e-06,2.30436728296202e-07,2.30436728296202e-07,2.30436728296202e-07,2.30436728296202e-07,2.30436728296202e-07,2.30436728296202e-07,3.01872114068024e-05,2.30436728296202e-07,0.000122361902725283,0.000161536146535637,8.31876589149288e-05,2.53480401125822e-06,0.000145405575554903,2.53480401125822e-06,9.44790586014426e-06,2.30436728296202e-07,2.30436728296202e-07,8.31876589149288e-05,1.86653749919923e-05,2.30436728296202e-07,2.30436728296202e-07,7.14353857718224e-06,2.53480401125822e-06,2.30436728296202e-07,3.01872114068024e-05,4.17090478216125e-05,6.47527206512326e-05,2.30436728296202e-07,2.53480401125822e-06,0.00020992785947784,2.30436728296202e-07,2.30436728296202e-07,7.14353857718224e-06
"13",5.36461691807049e-07,0.000907156720845721,5.90107860987754e-06,0.00013465188464357,2.73595462821595e-05,0.00212492476124772,0.00252190641318494,0.00354118362761834,5.36461691807049e-07,0.00268284492072706,5.36461691807049e-07,0.00250581256243073,2.73595462821595e-05,0.00187815238301648,5.90107860987754e-06,0.00457655469280594,5.90107860987754e-06,0.000821322850156593,5.36461691807049e-07,0.000236579606086909,5.36461691807049e-07,5.36461691807049e-07,0.000102464183135146,5.36461691807049e-07,0.000933979805436074,0.000810593616320452,0.000477987367400081,0.000842781317828875,5.36461691807049e-07,0.000435070432055517,0.000204391904578486,5.36461691807049e-07,3.272416320023e-05,0.00305300348807392,0.000558456621171139,0.00196935087062368,5.36461691807049e-07,0.00239852022406932,5.36461691807049e-07,5.36461691807049e-07,5.90107860987754e-06,0.0176393968883076,0.0256916868823314,0.00451754390670717,5.36461691807049e-07,0.0045121792897891,5.36461691807049e-07,0.00342316205542078,0.00721058159957856,0.00436197001608312,5.36461691807049e-07,0.0204182684518681,0.000231214989168838,0.00150799381566962,0.00253800026393915,0.00046725813356394,0.00105200137763362,0.00360555903063518,0.00257018796544757,0.00256482334852951,0.00769876173912297,5.36461691807049e-07,5.36461691807049e-07,0.00726422776875926,0.070099985730119,0.0231381292293299,0.0558461985788057,0.0364692022707351,0.0461845235093607,0.0231756815477564,0.058759185565318,0.0332933490552373,0.0973790627585075,0.0344467416926225,0.0609318554171365,0.0739946976126382,0.0663232954197974,0.0368393608380819,0.033266525970647,0.0639253116574199,0.000300955009103755,0.00348753745843763,0.00166356770629366,0.00149189996491541,0.000612102790351844,0.00699063230593767,0.00762902171918805,5.36461691807049e-07,0.000182933436906204,0.00122903373592995,0.00112710601448661,0.00274185570682583,5.36461691807049e-07,0.00117002294983118,0.00272576185607162,0.00346071437384728
"14",0.00381063212514004,0.00388302599120776,0.000145692655461303,0.0025165917691794,0.00261613333502252,0.00220891783839155,0.000190938821753633,0.00196458854041297,0.00275187183389951,0.00162976690984973,0.000724843584003127,0.00324957966311515,0.00695071606582774,0.0037925336586231,0.0011592067804095,0.012081631323378,0.0052042140469438,0.00268852720109025,0.000715794350744661,0.00711360226448013,0.00327672736289054,0.00153927457726507,9.049233258466e-07,0.00399161679030936,0.00173835770895132,0.00290570879929344,9.049233258466e-07,0.00163881614310819,0.0166333956523864,0.00585575884155336,0.00096917288198171,0.0254473488461323,0.00595530040739648,0.00316813656378895,0.0093849598123551,0.00467935851795278,0.0088510550501056,0.00446217691974959,0.0048331954833467,0.00536710024559619,0.00474270315076204,0.00494178628244829,0.00762940856021269,0.00555713414402398,0.038686377103268,0.0142805950051852,0.0098917168748292,0.0282616603895152,0.00262518256828099,0.00219986860513309,0.00194649007389604,0.00521326328020227,0.00173835770895132,0.00628107280470126,0.00263423180153946,0.0137104933099018,0.000335726553889089,0.00131304374580342,0.000788188216812389,0.00237180403704394,0.00524041097997766,0.00172930847569285,0.00133114221232035,0.0074665223615603,0.00862482421864396,0.00310479193097969,0.00501418014851602,0.00785563939167435,0.00459791541862658,0.00859767651886856,0.00697786376560314,0.0420707903419343,0.00313193963075509,0.00293285649906883,0.0038196813583985,0.00773799935931428,0.00460696465188505,0.00446217691974959,0.00356630282716145,0.00875151348426248,0.0029962011318781,0.00410925682266942,0.00169311154265899,0.0378447984102307,0.0038739767579493,0.0290941898492941,0.0120092374573102,0.264509993068287,0.00174740694220979,0.00640776207031978,0.00286951186625957,0.0589114134359396,0.00577431574222716,0.00934876287932123,0.00447122615300806,0.0814711519492953
"15",0.0323122871905011,0.0288486084760653,0.00786279038271852,0.00879163156046516,0.00144479747067559,5.99252372739769e-07,0.00213393769932632,5.99252372739769e-07,0.0212081407236332,0.0154253553266944,0.00885155679773914,0.00180434889431945,5.99252372739769e-07,0.0376156706892481,0.00970249516702962,5.99252372739769e-07,5.99252372739769e-07,0.00300285363979899,5.99252372739769e-07,5.99252372739769e-07,0.00384779948536206,0.00913320541292683,0.00724556043879656,0.00769499971835138,0.000497978721746748,0.000563896482748123,0.00159461056386053,5.99252372739769e-07,6.59177610013746e-06,5.99252372739769e-07,0.00450697709537581,5.99252372739769e-07,0.0409954540715004,0.0215916622421866,0.0715932802235931,0.0326238984243258,0.0241984100636046,0.0205549556373468,0.035775965904937,0.0448905944943089,0.0198718079324235,5.99252372739769e-07,0.00640660711696088,0.0285669598608776,5.99252372739769e-07,0.00963657740602824,0.0317429974363983,0.011698005568253,0.00781485019289934,0.0220351089980141,0.0331033003225176,5.99252372739769e-07,0.000258277772650841,0.0086957511808268,0.0117699158529818,5.99252372739769e-07,0.0040155901497292,0.00780286514544454,0.00979837554666798,0.00118112642667009,1.25842998275352e-05,0.00571746688831014,0.00342832282444422,5.99252372739769e-07,0.0772082749561647,0.0150358412844136,0.0396051885667441,0.0913686085240054,5.99252372739769e-07,5.99252372739769e-07,1.25842998275352e-05,5.99252372739769e-07,5.99252372739769e-07,0.00179835637059205,5.99252372739769e-07,0.0226763090368456,9.64796320111029e-05,5.99252372739769e-07,0.00462083504619637,5.99252372739769e-07,5.99252372739769e-07,0.00418937333782373,0.00320060692280311,5.99252372739769e-07,5.99252372739769e-07,0.00423731352764291,5.99252372739769e-07,1.85768235549329e-05,5.99252372739769e-07,0.000503971245474147,0.000204345059104262,5.99252372739769e-07,6.59177610013746e-06,0.00516016218166216,0.000114457203193296,4.85394421919214e-05
