,PD24306,PD24307,PD24308,PD24314,PD24318,PD24320,PD24322,PD24325,PD24326,PD24327,PD24329,PD24332,PD24333,PD24335,PD24336,PD24337,PD3851,PD3890,PD3904,PD3905,PD3945,PD3989,PD4005,PD4006,PD4069,PD4072,PD4076,PD4085,PD4086,PD4088,PD4103,PD4107,PD4109,PD4115,PD4116,PD4192,PD4194,PD4198,PD4199,PD4225,PD4248,PD4252,PD4255,PD4261,PD4264,PD4266,PD4267,PD4315,PD4604,PD4605,PD4606,PD4607,PD4613,PD4826,PD4833,PD4836
0,66.0,29.0,79.0,59.0,32.0,66.0,58.0,168.0,88.0,64.0,36.0,25.0,107.0,61.0,50.0,109.0,34.0,91.0,104.0,89.0,236.0,39.0,68.0,189.0,50.0,50.0,28.0,59.0,24.0,31.0,105.0,193.0,121.0,214.0,123.0,47.0,26.0,50.0,35.0,37.0,34.0,83.0,108.0,31.0,34.0,25.0,33.0,58.0,161.0,30.0,20.0,29.0,21.0,45.0,117.0,48.0
1,59.0,20.0,53.0,41.0,43.0,85.0,42.0,124.0,31.0,51.0,31.0,29.0,95.0,49.0,37.0,100.0,36.0,83.0,107.0,61.0,168.0,28.0,59.0,165.0,18.0,28.0,24.0,46.0,21.0,17.0,49.0,167.0,129.0,165.0,136.0,32.0,20.0,64.0,26.0,24.0,29.0,34.0,48.0,29.0,22.0,17.0,31.0,41.0,158.0,34.0,9.0,30.0,15.0,26.0,106.0,58.0
2,8.0,3.0,11.0,7.0,8.0,10.0,7.0,25.0,9.0,6.0,11.0,3.0,10.0,3.0,8.0,13.0,9.0,9.0,12.0,14.0,24.0,4.0,13.0,32.0,5.0,4.0,3.0,7.0,4.0,3.0,7.0,32.0,14.0,18.0,15.0,19.0,6.0,13.0,8.0,7.0,7.0,16.0,13.0,4.0,5.0,3.0,4.0,7.0,17.0,8.0,6.0,3.0,1.0,5.0,20.0,12.0
3,67.0,11.0,43.0,45.0,22.0,45.0,44.0,107.0,33.0,60.0,19.0,15.0,66.0,46.0,39.0,93.0,24.0,76.0,103.0,61.0,155.0,22.0,70.0,202.0,24.0,22.0,28.0,50.0,17.0,23.0,46.0,169.0,99.0,156.0,142.0,36.0,12.0,43.0,30.0,10.0,25.0,46.0,37.0,20.0,8.0,14.0,14.0,40.0,134.0,22.0,15.0,24.0,20.0,32.0,97.0,48.0
4,67.0,22.0,44.0,63.0,34.0,59.0,44.0,113.0,70.0,65.0,35.0,26.0,74.0,54.0,34.0,116.0,26.0,98.0,100.0,91.0,198.0,23.0,63.0,180.0,38.0,49.0,23.0,37.0,29.0,36.0,58.0,171.0,135.0,178.0,164.0,56.0,10.0,54.0,37.0,14.0,31.0,78.0,88.0,16.0,19.0,16.0,19.0,70.0,157.0,16.0,10.0,38.0,19.0,43.0,94.0,71.0
5,63.0,12.0,38.0,42.0,18.0,69.0,30.0,92.0,30.0,33.0,15.0,23.0,60.0,37.0,23.0,87.0,20.0,60.0,75.0,52.0,174.0,18.0,79.0,161.0,15.0,28.0,13.0,35.0,14.0,16.0,30.0,166.0,82.0,139.0,170.0,25.0,6.0,42.0,31.0,19.0,19.0,36.0,40.0,14.0,17.0,8.0,14.0,28.0,189.0,20.0,7.0,16.0,5.0,25.0,90.0,49.0
6,10.0,4.0,16.0,17.0,11.0,31.0,11.0,24.0,9.0,12.0,8.0,4.0,10.0,4.0,4.0,17.0,7.0,12.0,10.0,14.0,19.0,3.0,5.0,34.0,5.0,10.0,7.0,5.0,1.0,4.0,12.0,26.0,15.0,18.0,28.0,16.0,3.0,10.0,6.0,3.0,6.0,6.0,26.0,3.0,2.0,1.0,2.0,12.0,16.0,5.0,2.0,7.0,2.0,8.0,20.0,12.0
7,66.0,23.0,50.0,47.0,23.0,113.0,42.0,119.0,49.0,41.0,21.0,24.0,60.0,30.0,24.0,104.0,28.0,68.0,91.0,62.0,190.0,15.0,49.0,162.0,25.0,25.0,15.0,24.0,18.0,25.0,66.0,187.0,120.0,151.0,128.0,28.0,9.0,40.0,28.0,11.0,29.0,45.0,69.0,17.0,18.0,22.0,20.0,47.0,213.0,19.0,8.0,26.0,12.0,46.0,96.0,58.0
8,31.0,20.0,51.0,72.0,30.0,46.0,30.0,133.0,57.0,64.0,36.0,24.0,86.0,59.0,42.0,75.0,37.0,46.0,57.0,50.0,120.0,25.0,42.0,134.0,47.0,28.0,25.0,45.0,14.0,41.0,60.0,162.0,109.0,126.0,82.0,64.0,14.0,33.0,38.0,28.0,22.0,77.0,102.0,19.0,26.0,13.0,17.0,45.0,75.0,32.0,10.0,23.0,18.0,43.0,65.0,43.0
9,18.0,13.0,45.0,25.0,11.0,70.0,24.0,62.0,21.0,27.0,10.0,10.0,49.0,28.0,32.0,56.0,17.0,50.0,78.0,35.0,109.0,15.0,38.0,98.0,18.0,23.0,13.0,27.0,12.0,10.0,40.0,87.0,65.0,120.0,107.0,19.0,12.0,46.0,25.0,11.0,20.0,32.0,42.0,14.0,12.0,8.0,12.0,23.0,111.0,26.0,10.0,13.0,12.0,23.0,62.0,44.0
10,7.0,7.0,11.0,11.0,4.0,11.0,9.0,15.0,10.0,12.0,10.0,7.0,17.0,7.0,5.0,10.0,2.0,8.0,6.0,5.0,15.0,7.0,4.0,16.0,14.0,2.0,4.0,7.0,2.0,6.0,8.0,16.0,17.0,15.0,14.0,12.0,8.0,3.0,9.0,9.0,8.0,10.0,16.0,2.0,5.0,5.0,4.0,6.0,15.0,4.0,3.0,2.0,2.0,7.0,8.0,10.0
11,46.0,16.0,43.0,40.0,10.0,47.0,30.0,92.0,48.0,38.0,22.0,15.0,75.0,48.0,20.0,67.0,19.0,46.0,52.0,46.0,104.0,17.0,43.0,113.0,29.0,23.0,12.0,24.0,16.0,24.0,66.0,122.0,95.0,135.0,92.0,29.0,6.0,29.0,36.0,16.0,18.0,65.0,72.0,13.0,11.0,6.0,12.0,25.0,91.0,19.0,11.0,12.0,12.0,25.0,60.0,49.0
12,52.0,27.0,45.0,68.0,36.0,71.0,92.0,188.0,889.0,439.0,36.0,35.0,168.0,69.0,66.0,77.0,38.0,82.0,115.0,76.0,250.0,37.0,160.0,144.0,40.0,951.0,33.0,59.0,32.0,55.0,132.0,159.0,185.0,149.0,159.0,55.0,29.0,98.0,179.0,28.0,47.0,78.0,147.0,25.0,24.0,23.0,27.0,75.0,118.0,29.0,12.0,787.0,45.0,80.0,110.0,57.0
13,49.0,21.0,72.0,72.0,26.0,86.0,65.0,190.0,387.0,206.0,32.0,33.0,98.0,42.0,66.0,81.0,30.0,87.0,99.0,62.0,157.0,25.0,113.0,154.0,29.0,281.0,29.0,42.0,34.0,32.0,84.0,131.0,166.0,153.0,133.0,57.0,25.0,69.0,83.0,31.0,24.0,59.0,85.0,23.0,20.0,16.0,34.0,51.0,131.0,49.0,13.0,303.0,26.0,51.0,100.0,58.0
14,3.0,4.0,8.0,12.0,4.0,15.0,11.0,20.0,58.0,37.0,5.0,7.0,28.0,7.0,7.0,17.0,5.0,7.0,11.0,6.0,19.0,8.0,9.0,14.0,5.0,54.0,5.0,14.0,5.0,2.0,20.0,25.0,25.0,16.0,10.0,14.0,2.0,13.0,18.0,9.0,7.0,13.0,22.0,4.0,3.0,7.0,3.0,9.0,18.0,8.0,1.0,41.0,9.0,20.0,11.0,6.0
15,68.0,32.0,89.0,124.0,48.0,146.0,89.0,235.0,691.0,281.0,46.0,45.0,266.0,66.0,85.0,103.0,41.0,105.0,127.0,88.0,300.0,55.0,152.0,175.0,86.0,341.0,40.0,74.0,30.0,73.0,150.0,230.0,301.0,253.0,160.0,52.0,28.0,105.0,111.0,38.0,48.0,113.0,232.0,29.0,38.0,15.0,31.0,80.0,178.0,50.0,18.0,444.0,36.0,105.0,134.0,100.0
16,61.0,7.0,57.0,37.0,12.0,42.0,50.0,171.0,58.0,60.0,15.0,16.0,114.0,30.0,21.0,88.0,17.0,88.0,56.0,68.0,129.0,10.0,61.0,172.0,9.0,73.0,12.0,19.0,15.0,12.0,29.0,125.0,100.0,123.0,103.0,89.0,9.0,35.0,27.0,11.0,19.0,29.0,28.0,18.0,12.0,16.0,10.0,23.0,98.0,18.0,9.0,48.0,14.0,28.0,97.0,48.0
17,21.0,8.0,29.0,28.0,12.0,46.0,32.0,95.0,23.0,37.0,8.0,15.0,77.0,25.0,20.0,60.0,16.0,40.0,46.0,37.0,82.0,4.0,35.0,100.0,5.0,19.0,10.0,20.0,11.0,10.0,25.0,86.0,76.0,72.0,74.0,35.0,6.0,27.0,20.0,8.0,16.0,21.0,28.0,14.0,3.0,9.0,5.0,17.0,71.0,14.0,8.0,28.0,6.0,22.0,67.0,23.0
18,9.0,6.0,15.0,15.0,17.0,8.0,14.0,61.0,8.0,12.0,2.0,4.0,26.0,1.0,7.0,24.0,7.0,21.0,18.0,15.0,19.0,7.0,16.0,60.0,3.0,6.0,3.0,5.0,0.0,3.0,8.0,56.0,28.0,21.0,19.0,24.0,0.0,6.0,2.0,2.0,5.0,25.0,29.0,4.0,4.0,1.0,3.0,7.0,21.0,6.0,1.0,7.0,0.0,2.0,35.0,22.0
19,44.0,6.0,75.0,24.0,14.0,60.0,64.0,183.0,65.0,100.0,23.0,22.0,168.0,31.0,29.0,81.0,10.0,92.0,65.0,73.0,121.0,10.0,77.0,170.0,14.0,64.0,11.0,24.0,17.0,15.0,33.0,113.0,104.0,135.0,104.0,52.0,10.0,29.0,26.0,8.0,30.0,26.0,50.0,12.0,7.0,15.0,13.0,24.0,102.0,16.0,11.0,55.0,6.0,27.0,110.0,49.0
20,32.0,9.0,41.0,26.0,21.0,12.0,25.0,101.0,55.0,64.0,9.0,9.0,79.0,18.0,13.0,53.0,12.0,59.0,58.0,43.0,112.0,12.0,57.0,110.0,3.0,78.0,5.0,11.0,8.0,8.0,27.0,93.0,74.0,97.0,92.0,37.0,4.0,25.0,18.0,3.0,8.0,22.0,39.0,8.0,9.0,9.0,6.0,22.0,103.0,10.0,6.0,53.0,12.0,16.0,74.0,38.0
21,28.0,7.0,31.0,23.0,16.0,11.0,33.0,69.0,15.0,31.0,9.0,11.0,41.0,19.0,17.0,54.0,7.0,45.0,46.0,31.0,97.0,15.0,49.0,86.0,7.0,21.0,9.0,17.0,9.0,6.0,22.0,80.0,48.0,95.0,72.0,17.0,3.0,18.0,15.0,4.0,14.0,20.0,16.0,8.0,9.0,14.0,7.0,20.0,100.0,16.0,5.0,18.0,6.0,11.0,70.0,32.0
22,6.0,2.0,16.0,28.0,15.0,5.0,10.0,53.0,7.0,11.0,0.0,4.0,11.0,14.0,10.0,20.0,4.0,8.0,21.0,9.0,21.0,5.0,15.0,46.0,4.0,4.0,5.0,4.0,5.0,1.0,11.0,37.0,23.0,24.0,23.0,25.0,4.0,11.0,4.0,6.0,6.0,19.0,18.0,5.0,4.0,4.0,1.0,5.0,22.0,4.0,3.0,0.0,4.0,7.0,22.0,17.0
23,45.0,10.0,53.0,41.0,31.0,10.0,39.0,160.0,93.0,85.0,13.0,9.0,97.0,33.0,21.0,94.0,9.0,90.0,89.0,49.0,149.0,8.0,65.0,140.0,6.0,106.0,17.0,14.0,16.0,20.0,34.0,115.0,115.0,153.0,103.0,42.0,17.0,32.0,36.0,11.0,15.0,23.0,26.0,13.0,12.0,12.0,13.0,24.0,124.0,19.0,6.0,67.0,4.0,19.0,121.0,62.0
24,25.0,7.0,18.0,18.0,9.0,22.0,14.0,56.0,17.0,25.0,5.0,2.0,33.0,14.0,7.0,28.0,5.0,42.0,35.0,20.0,65.0,3.0,21.0,68.0,5.0,24.0,4.0,5.0,5.0,8.0,12.0,62.0,46.0,45.0,46.0,22.0,6.0,20.0,11.0,4.0,5.0,13.0,20.0,9.0,3.0,7.0,3.0,13.0,63.0,8.0,3.0,12.0,7.0,10.0,53.0,21.0
25,24.0,3.0,18.0,11.0,6.0,31.0,25.0,60.0,14.0,17.0,6.0,9.0,74.0,15.0,9.0,43.0,10.0,28.0,33.0,28.0,67.0,6.0,26.0,51.0,8.0,17.0,6.0,13.0,8.0,8.0,16.0,57.0,52.0,54.0,69.0,20.0,9.0,20.0,11.0,2.0,6.0,12.0,17.0,2.0,5.0,7.0,4.0,9.0,55.0,5.0,3.0,15.0,8.0,9.0,48.0,32.0
26,3.0,1.0,8.0,4.0,6.0,3.0,5.0,22.0,1.0,9.0,0.0,2.0,7.0,4.0,3.0,7.0,1.0,11.0,3.0,10.0,13.0,3.0,7.0,26.0,1.0,3.0,1.0,0.0,1.0,0.0,1.0,17.0,10.0,11.0,8.0,10.0,1.0,4.0,2.0,1.0,2.0,5.0,7.0,2.0,1.0,0.0,2.0,1.0,13.0,4.0,3.0,5.0,0.0,4.0,14.0,6.0
27,38.0,8.0,38.0,26.0,9.0,27.0,21.0,101.0,53.0,33.0,11.0,9.0,67.0,19.0,6.0,79.0,8.0,57.0,44.0,38.0,82.0,6.0,48.0,117.0,6.0,46.0,5.0,11.0,16.0,5.0,17.0,89.0,69.0,89.0,83.0,25.0,4.0,18.0,16.0,5.0,13.0,23.0,16.0,12.0,4.0,8.0,9.0,15.0,74.0,13.0,2.0,42.0,5.0,9.0,63.0,30.0
28,61.0,20.0,82.0,61.0,31.0,28.0,214.0,348.0,2959.0,2206.0,18.0,20.0,403.0,103.0,37.0,117.0,14.0,224.0,156.0,162.0,193.0,21.0,455.0,153.0,10.0,4499.0,23.0,17.0,126.0,37.0,152.0,138.0,427.0,163.0,293.0,157.0,63.0,109.0,803.0,15.0,50.0,47.0,60.0,18.0,32.0,142.0,156.0,142.0,202.0,43.0,9.0,3110.0,179.0,172.0,158.0,110.0
29,46.0,9.0,67.0,35.0,14.0,26.0,98.0,203.0,586.0,387.0,12.0,16.0,164.0,44.0,36.0,85.0,15.0,134.0,88.0,93.0,162.0,17.0,139.0,127.0,14.0,931.0,17.0,26.0,48.0,21.0,68.0,124.0,244.0,151.0,138.0,92.0,23.0,48.0,213.0,9.0,15.0,33.0,35.0,12.0,4.0,32.0,38.0,39.0,148.0,28.0,9.0,610.0,38.0,46.0,101.0,66.0
30,12.0,1.0,12.0,9.0,15.0,2.0,18.0,50.0,100.0,98.0,6.0,5.0,29.0,13.0,8.0,14.0,4.0,16.0,9.0,12.0,9.0,3.0,22.0,40.0,1.0,147.0,5.0,2.0,9.0,2.0,8.0,16.0,20.0,13.0,23.0,21.0,2.0,2.0,22.0,4.0,5.0,15.0,8.0,2.0,1.0,4.0,9.0,11.0,12.0,3.0,1.0,87.0,3.0,9.0,22.0,17.0
31,128.0,26.0,179.0,100.0,54.0,62.0,372.0,594.0,4352.0,2679.0,54.0,37.0,638.0,140.0,117.0,220.0,30.0,373.0,252.0,247.0,398.0,50.0,667.0,320.0,19.0,5457.0,28.0,55.0,170.0,50.0,266.0,261.0,713.0,283.0,407.0,240.0,69.0,143.0,976.0,31.0,68.0,85.0,100.0,27.0,23.0,190.0,157.0,213.0,357.0,98.0,17.0,4407.0,188.0,244.0,304.0,154.0
32,62.0,30.0,83.0,62.0,63.0,173.0,64.0,187.0,155.0,114.0,40.0,30.0,140.0,82.0,76.0,112.0,42.0,90.0,124.0,70.0,178.0,38.0,54.0,180.0,32.0,147.0,40.0,67.0,27.0,43.0,97.0,182.0,165.0,182.0,129.0,58.0,23.0,80.0,42.0,41.0,52.0,83.0,88.0,33.0,46.0,30.0,36.0,54.0,136.0,61.0,23.0,152.0,31.0,53.0,139.0,107.0
33,47.0,18.0,46.0,39.0,32.0,134.0,42.0,81.0,53.0,36.0,24.0,23.0,80.0,52.0,42.0,56.0,17.0,55.0,56.0,35.0,85.0,36.0,51.0,96.0,15.0,38.0,24.0,32.0,19.0,16.0,53.0,67.0,91.0,92.0,65.0,41.0,18.0,29.0,28.0,19.0,19.0,38.0,42.0,17.0,30.0,23.0,22.0,26.0,69.0,31.0,24.0,43.0,23.0,25.0,66.0,53.0
34,62.0,76.0,150.0,159.0,131.0,465.0,166.0,282.0,182.0,168.0,171.0,150.0,219.0,307.0,91.0,109.0,77.0,94.0,92.0,87.0,157.0,135.0,101.0,166.0,137.0,69.0,138.0,142.0,55.0,122.0,244.0,152.0,356.0,179.0,88.0,114.0,78.0,217.0,117.0,181.0,82.0,189.0,170.0,102.0,169.0,77.0,122.0,122.0,176.0,193.0,74.0,118.0,67.0,140.0,112.0,142.0
35,55.0,26.0,76.0,65.0,37.0,109.0,47.0,124.0,73.0,72.0,35.0,20.0,108.0,53.0,58.0,102.0,26.0,77.0,97.0,46.0,184.0,31.0,76.0,185.0,36.0,48.0,30.0,30.0,25.0,24.0,60.0,168.0,121.0,150.0,98.0,40.0,10.0,51.0,36.0,25.0,24.0,43.0,66.0,32.0,27.0,30.0,25.0,35.0,148.0,41.0,16.0,63.0,19.0,31.0,89.0,87.0
36,29.0,32.0,56.0,64.0,52.0,98.0,63.0,120.0,220.0,157.0,35.0,28.0,179.0,79.0,57.0,63.0,46.0,69.0,95.0,63.0,132.0,39.0,67.0,105.0,42.0,262.0,37.0,45.0,18.0,25.0,93.0,121.0,135.0,140.0,114.0,60.0,32.0,64.0,86.0,39.0,41.0,75.0,62.0,34.0,38.0,29.0,26.0,67.0,105.0,50.0,18.0,286.0,28.0,55.0,75.0,66.0
37,32.0,24.0,65.0,58.0,46.0,127.0,65.0,88.0,72.0,58.0,33.0,30.0,125.0,58.0,28.0,52.0,21.0,43.0,79.0,41.0,103.0,43.0,40.0,77.0,50.0,64.0,31.0,44.0,23.0,15.0,61.0,82.0,113.0,98.0,83.0,35.0,27.0,52.0,42.0,42.0,41.0,56.0,53.0,40.0,34.0,27.0,31.0,43.0,195.0,56.0,29.0,64.0,33.0,48.0,72.0,58.0
38,31.0,40.0,94.0,94.0,69.0,259.0,116.0,177.0,115.0,129.0,96.0,65.0,155.0,144.0,51.0,74.0,61.0,47.0,63.0,42.0,69.0,81.0,69.0,102.0,81.0,60.0,90.0,76.0,52.0,48.0,146.0,98.0,219.0,113.0,76.0,70.0,48.0,113.0,90.0,97.0,43.0,111.0,96.0,48.0,119.0,49.0,82.0,85.0,99.0,94.0,42.0,87.0,41.0,90.0,64.0,113.0
39,59.0,40.0,76.0,63.0,52.0,91.0,70.0,108.0,145.0,116.0,31.0,28.0,141.0,72.0,60.0,103.0,35.0,97.0,112.0,80.0,171.0,48.0,85.0,175.0,42.0,142.0,37.0,46.0,37.0,36.0,109.0,181.0,156.0,150.0,149.0,51.0,20.0,62.0,66.0,48.0,38.0,84.0,84.0,43.0,41.0,33.0,38.0,54.0,202.0,47.0,19.0,151.0,19.0,47.0,109.0,83.0
40,29.0,40.0,63.0,53.0,44.0,158.0,61.0,138.0,119.0,104.0,35.0,21.0,113.0,69.0,48.0,60.0,25.0,69.0,82.0,47.0,125.0,36.0,54.0,110.0,45.0,139.0,37.0,48.0,16.0,23.0,74.0,105.0,106.0,134.0,87.0,36.0,28.0,59.0,57.0,40.0,40.0,58.0,67.0,31.0,38.0,30.0,31.0,51.0,78.0,38.0,20.0,126.0,41.0,45.0,100.0,60.0
41,30.0,19.0,60.0,50.0,37.0,319.0,52.0,89.0,70.0,67.0,27.0,26.0,133.0,57.0,38.0,61.0,23.0,57.0,76.0,43.0,107.0,31.0,51.0,83.0,40.0,51.0,34.0,35.0,19.0,21.0,67.0,81.0,96.0,99.0,70.0,35.0,21.0,47.0,47.0,37.0,28.0,59.0,64.0,28.0,41.0,17.0,27.0,37.0,98.0,54.0,18.0,67.0,25.0,35.0,52.0,48.0
42,35.0,49.0,120.0,126.0,95.0,562.0,107.0,172.0,98.0,117.0,121.0,76.0,222.0,171.0,61.0,77.0,57.0,63.0,59.0,67.0,130.0,89.0,64.0,121.0,144.0,58.0,83.0,84.0,34.0,69.0,167.0,118.0,281.0,119.0,71.0,94.0,55.0,115.0,88.0,125.0,57.0,172.0,134.0,70.0,131.0,48.0,89.0,92.0,129.0,137.0,39.0,77.0,60.0,102.0,76.0,91.0
43,33.0,18.0,52.0,47.0,39.0,170.0,51.0,90.0,67.0,52.0,30.0,19.0,123.0,48.0,45.0,64.0,16.0,60.0,75.0,56.0,124.0,28.0,55.0,109.0,35.0,82.0,33.0,37.0,14.0,17.0,71.0,104.0,103.0,108.0,96.0,49.0,12.0,52.0,48.0,24.0,34.0,47.0,54.0,39.0,31.0,25.0,33.0,35.0,90.0,31.0,13.0,76.0,30.0,35.0,81.0,64.0
44,52.0,51.0,101.0,81.0,54.0,113.0,372.0,268.0,5832.0,3219.0,85.0,82.0,899.0,162.0,204.0,95.0,67.0,189.0,246.0,165.0,275.0,143.0,484.0,134.0,61.0,7559.0,126.0,76.0,145.0,63.0,379.0,399.0,443.0,196.0,258.0,163.0,88.0,307.0,1367.0,74.0,96.0,81.0,93.0,35.0,121.0,401.0,122.0,263.0,214.0,67.0,21.0,7788.0,343.0,283.0,141.0,115.0
45,28.0,46.0,73.0,55.0,51.0,154.0,137.0,141.0,1004.0,676.0,46.0,45.0,340.0,94.0,89.0,84.0,44.0,126.0,172.0,72.0,171.0,74.0,143.0,84.0,59.0,1177.0,79.0,66.0,43.0,45.0,186.0,220.0,276.0,152.0,117.0,69.0,33.0,121.0,320.0,49.0,62.0,71.0,73.0,38.0,67.0,101.0,51.0,109.0,180.0,75.0,28.0,1359.0,75.0,109.0,102.0,83.0
46,25.0,34.0,72.0,87.0,71.0,184.0,127.0,146.0,526.0,483.0,62.0,81.0,250.0,125.0,49.0,59.0,44.0,60.0,57.0,45.0,66.0,83.0,60.0,73.0,65.0,472.0,84.0,61.0,37.0,58.0,124.0,74.0,215.0,76.0,61.0,70.0,37.0,123.0,226.0,69.0,36.0,90.0,77.0,36.0,72.0,91.0,59.0,90.0,83.0,71.0,40.0,540.0,61.0,93.0,56.0,80.0
47,49.0,37.0,89.0,89.0,51.0,152.0,225.0,208.0,3027.0,1704.0,65.0,55.0,576.0,117.0,128.0,109.0,47.0,133.0,210.0,120.0,235.0,105.0,308.0,139.0,63.0,3406.0,91.0,74.0,86.0,61.0,265.0,330.0,375.0,174.0,203.0,120.0,41.0,184.0,676.0,47.0,56.0,69.0,70.0,43.0,105.0,213.0,73.0,190.0,227.0,71.0,31.0,3877.0,169.0,205.0,123.0,103.0
48,46.0,22.0,39.0,39.0,17.0,169.0,37.0,78.0,40.0,39.0,12.0,17.0,61.0,34.0,34.0,51.0,15.0,47.0,39.0,38.0,130.0,18.0,23.0,56.0,12.0,41.0,12.0,20.0,13.0,13.0,24.0,60.0,66.0,76.0,92.0,49.0,22.0,59.0,21.0,19.0,17.0,20.0,37.0,18.0,17.0,12.0,15.0,23.0,82.0,21.0,10.0,16.0,12.0,23.0,42.0,28.0
49,28.0,17.0,24.0,21.0,9.0,112.0,23.0,64.0,22.0,35.0,19.0,10.0,56.0,26.0,34.0,27.0,21.0,33.0,31.0,31.0,92.0,16.0,33.0,64.0,9.0,23.0,17.0,31.0,16.0,9.0,30.0,62.0,61.0,77.0,61.0,32.0,9.0,36.0,27.0,24.0,18.0,16.0,23.0,21.0,27.0,8.0,11.0,22.0,89.0,26.0,19.0,19.0,8.0,32.0,33.0,25.0
50,27.0,20.0,45.0,25.0,19.0,46.0,27.0,75.0,21.0,26.0,16.0,14.0,43.0,32.0,43.0,48.0,17.0,32.0,51.0,43.0,150.0,15.0,36.0,91.0,12.0,20.0,20.0,24.0,12.0,9.0,26.0,79.0,66.0,96.0,62.0,31.0,10.0,33.0,19.0,15.0,15.0,21.0,26.0,24.0,15.0,18.0,19.0,15.0,76.0,18.0,12.0,18.0,4.0,27.0,51.0,26.0
51,61.0,31.0,77.0,71.0,40.0,279.0,73.0,128.0,51.0,59.0,27.0,35.0,126.0,41.0,60.0,72.0,28.0,45.0,63.0,60.0,180.0,35.0,37.0,125.0,33.0,22.0,27.0,42.0,17.0,14.0,53.0,118.0,182.0,137.0,97.0,67.0,17.0,77.0,39.0,32.0,39.0,59.0,87.0,25.0,13.0,14.0,25.0,40.0,138.0,24.0,7.0,38.0,13.0,72.0,61.0,72.0
52,25.0,7.0,17.0,15.0,10.0,35.0,17.0,57.0,14.0,18.0,10.0,4.0,39.0,12.0,24.0,44.0,4.0,35.0,31.0,47.0,87.0,9.0,26.0,69.0,8.0,15.0,4.0,10.0,10.0,3.0,14.0,88.0,43.0,84.0,89.0,40.0,8.0,23.0,16.0,3.0,23.0,16.0,16.0,9.0,7.0,5.0,3.0,7.0,71.0,9.0,3.0,11.0,4.0,11.0,48.0,16.0
53,42.0,7.0,32.0,26.0,14.0,44.0,15.0,75.0,17.0,28.0,10.0,13.0,114.0,17.0,26.0,54.0,12.0,56.0,58.0,44.0,123.0,7.0,46.0,119.0,12.0,16.0,12.0,27.0,11.0,7.0,20.0,103.0,50.0,108.0,94.0,33.0,9.0,27.0,25.0,13.0,15.0,24.0,34.0,11.0,8.0,11.0,8.0,13.0,84.0,9.0,6.0,17.0,5.0,21.0,70.0,30.0
54,39.0,15.0,21.0,43.0,14.0,42.0,26.0,69.0,18.0,25.0,10.0,14.0,65.0,23.0,26.0,51.0,10.0,55.0,45.0,61.0,97.0,9.0,43.0,98.0,10.0,12.0,6.0,15.0,9.0,6.0,26.0,113.0,49.0,86.0,90.0,26.0,5.0,33.0,14.0,10.0,16.0,16.0,19.0,14.0,7.0,8.0,6.0,7.0,119.0,14.0,9.0,16.0,6.0,21.0,54.0,33.0
55,64.0,8.0,49.0,36.0,20.0,33.0,34.0,103.0,22.0,23.0,6.0,14.0,280.0,24.0,31.0,64.0,22.0,66.0,59.0,62.0,140.0,11.0,54.0,184.0,7.0,21.0,9.0,21.0,10.0,13.0,37.0,168.0,78.0,164.0,99.0,54.0,6.0,27.0,13.0,7.0,17.0,20.0,25.0,8.0,19.0,14.0,5.0,22.0,157.0,15.0,10.0,14.0,4.0,23.0,71.0,30.0
56,20.0,5.0,12.0,9.0,6.0,29.0,10.0,42.0,7.0,10.0,3.0,10.0,19.0,7.0,18.0,30.0,8.0,14.0,24.0,15.0,54.0,2.0,21.0,61.0,7.0,10.0,4.0,4.0,6.0,4.0,10.0,61.0,26.0,53.0,50.0,32.0,11.0,13.0,11.0,7.0,6.0,13.0,7.0,6.0,4.0,9.0,4.0,11.0,64.0,8.0,3.0,3.0,3.0,12.0,27.0,16.0
57,11.0,10.0,21.0,14.0,8.0,46.0,18.0,36.0,12.0,21.0,9.0,13.0,35.0,12.0,9.0,30.0,9.0,26.0,23.0,21.0,64.0,5.0,18.0,47.0,12.0,10.0,9.0,9.0,8.0,6.0,9.0,43.0,30.0,59.0,49.0,21.0,6.0,18.0,12.0,10.0,6.0,17.0,12.0,7.0,6.0,6.0,9.0,12.0,55.0,10.0,9.0,14.0,9.0,13.0,34.0,13.0
58,17.0,6.0,14.0,12.0,10.0,47.0,19.0,42.0,16.0,15.0,9.0,6.0,23.0,14.0,15.0,31.0,9.0,27.0,33.0,36.0,73.0,15.0,22.0,59.0,12.0,14.0,10.0,7.0,5.0,7.0,9.0,53.0,39.0,51.0,48.0,31.0,5.0,16.0,12.0,6.0,8.0,9.0,28.0,11.0,10.0,3.0,3.0,9.0,52.0,9.0,4.0,4.0,6.0,14.0,39.0,25.0
59,33.0,16.0,15.0,26.0,13.0,50.0,17.0,57.0,11.0,25.0,8.0,6.0,59.0,15.0,11.0,47.0,19.0,37.0,43.0,48.0,90.0,7.0,30.0,85.0,6.0,16.0,8.0,14.0,5.0,1.0,20.0,104.0,41.0,108.0,83.0,35.0,12.0,20.0,10.0,10.0,10.0,15.0,23.0,10.0,8.0,4.0,10.0,15.0,95.0,5.0,10.0,8.0,11.0,18.0,53.0,38.0
60,41.0,26.0,142.0,49.0,38.0,187.0,62.0,159.0,32.0,61.0,20.0,48.0,130.0,48.0,56.0,60.0,17.0,64.0,56.0,31.0,124.0,33.0,37.0,97.0,25.0,25.0,23.0,42.0,16.0,12.0,85.0,95.0,153.0,117.0,105.0,62.0,24.0,81.0,28.0,23.0,30.0,71.0,111.0,22.0,24.0,5.0,25.0,31.0,117.0,42.0,9.0,23.0,16.0,81.0,65.0,53.0
61,16.0,9.0,23.0,16.0,8.0,51.0,19.0,55.0,16.0,24.0,7.0,11.0,46.0,22.0,16.0,40.0,12.0,30.0,35.0,37.0,100.0,11.0,29.0,79.0,7.0,13.0,8.0,16.0,8.0,5.0,21.0,66.0,59.0,74.0,61.0,16.0,8.0,29.0,19.0,8.0,10.0,12.0,29.0,12.0,9.0,6.0,5.0,12.0,68.0,14.0,9.0,7.0,4.0,19.0,55.0,19.0
62,15.0,7.0,15.0,13.0,8.0,21.0,9.0,43.0,8.0,17.0,6.0,6.0,30.0,14.0,10.0,33.0,12.0,27.0,39.0,31.0,53.0,8.0,19.0,63.0,5.0,18.0,7.0,12.0,4.0,5.0,12.0,55.0,52.0,60.0,43.0,25.0,5.0,21.0,10.0,7.0,5.0,15.0,9.0,10.0,7.0,5.0,5.0,12.0,59.0,10.0,3.0,5.0,7.0,13.0,30.0,21.0
63,66.0,18.0,81.0,44.0,26.0,112.0,63.0,129.0,30.0,51.0,30.0,27.0,167.0,37.0,54.0,81.0,22.0,68.0,83.0,67.0,169.0,15.0,54.0,207.0,28.0,20.0,18.0,36.0,12.0,12.0,42.0,193.0,128.0,140.0,126.0,37.0,24.0,56.0,20.0,15.0,28.0,44.0,62.0,14.0,16.0,12.0,23.0,22.0,142.0,20.0,10.0,19.0,11.0,37.0,86.0,49.0
64,51.0,46.0,142.0,89.0,74.0,829.0,81.0,226.0,73.0,87.0,40.0,35.0,167.0,64.0,94.0,98.0,38.0,76.0,102.0,59.0,207.0,34.0,69.0,130.0,36.0,48.0,44.0,54.0,32.0,17.0,72.0,165.0,186.0,170.0,143.0,54.0,24.0,99.0,27.0,32.0,54.0,64.0,80.0,57.0,38.0,43.0,36.0,42.0,163.0,48.0,27.0,46.0,24.0,62.0,99.0,94.0
65,31.0,10.0,45.0,24.0,14.0,293.0,23.0,76.0,21.0,20.0,11.0,11.0,67.0,27.0,30.0,36.0,18.0,36.0,38.0,32.0,63.0,9.0,30.0,103.0,16.0,14.0,20.0,19.0,16.0,8.0,25.0,92.0,72.0,75.0,68.0,24.0,7.0,25.0,12.0,13.0,20.0,29.0,49.0,19.0,8.0,11.0,12.0,15.0,61.0,21.0,11.0,19.0,6.0,28.0,49.0,31.0
66,46.0,23.0,81.0,62.0,60.0,486.0,58.0,172.0,31.0,53.0,29.0,23.0,94.0,44.0,52.0,83.0,21.0,61.0,52.0,49.0,128.0,30.0,51.0,111.0,14.0,24.0,33.0,40.0,28.0,15.0,47.0,112.0,123.0,118.0,94.0,47.0,14.0,50.0,31.0,25.0,24.0,62.0,48.0,45.0,35.0,29.0,25.0,35.0,87.0,31.0,22.0,28.0,19.0,46.0,70.0,63.0
67,66.0,31.0,108.0,83.0,55.0,520.0,86.0,224.0,43.0,77.0,37.0,38.0,190.0,73.0,82.0,112.0,47.0,100.0,73.0,74.0,212.0,41.0,82.0,159.0,32.0,35.0,49.0,58.0,43.0,28.0,67.0,174.0,174.0,201.0,118.0,57.0,14.0,61.0,33.0,29.0,35.0,62.0,78.0,47.0,35.0,34.0,31.0,50.0,163.0,67.0,32.0,45.0,23.0,45.0,107.0,79.0
68,22.0,13.0,42.0,26.0,16.0,482.0,26.0,85.0,25.0,42.0,21.0,13.0,105.0,21.0,24.0,46.0,7.0,38.0,44.0,42.0,97.0,11.0,34.0,90.0,11.0,11.0,16.0,14.0,12.0,10.0,23.0,77.0,87.0,72.0,69.0,34.0,5.0,29.0,14.0,12.0,19.0,26.0,26.0,20.0,11.0,8.0,5.0,18.0,100.0,22.0,6.0,15.0,9.0,28.0,58.0,29.0
69,36.0,11.0,65.0,28.0,13.0,255.0,16.0,62.0,24.0,29.0,10.0,5.0,191.0,17.0,18.0,51.0,13.0,33.0,40.0,47.0,98.0,20.0,37.0,92.0,12.0,10.0,11.0,14.0,6.0,18.0,25.0,132.0,70.0,99.0,71.0,36.0,9.0,29.0,16.0,10.0,11.0,15.0,28.0,6.0,16.0,8.0,10.0,16.0,96.0,13.0,10.0,7.0,4.0,23.0,62.0,32.0
70,34.0,17.0,64.0,26.0,42.0,466.0,32.0,84.0,26.0,38.0,18.0,12.0,165.0,21.0,29.0,52.0,13.0,52.0,36.0,42.0,107.0,12.0,36.0,85.0,14.0,9.0,12.0,16.0,14.0,7.0,22.0,63.0,86.0,74.0,66.0,30.0,6.0,25.0,16.0,16.0,23.0,25.0,35.0,16.0,25.0,14.0,14.0,19.0,76.0,17.0,17.0,11.0,10.0,39.0,53.0,31.0
71,35.0,25.0,53.0,40.0,27.0,354.0,33.0,121.0,20.0,54.0,7.0,16.0,662.0,38.0,19.0,61.0,10.0,72.0,56.0,41.0,130.0,15.0,44.0,80.0,9.0,15.0,12.0,18.0,18.0,11.0,51.0,118.0,90.0,135.0,85.0,36.0,8.0,24.0,17.0,16.0,12.0,35.0,32.0,15.0,16.0,12.0,11.0,17.0,128.0,28.0,6.0,22.0,7.0,26.0,66.0,42.0
72,25.0,22.0,49.0,34.0,38.0,1206.0,44.0,105.0,32.0,45.0,20.0,11.0,89.0,32.0,38.0,58.0,10.0,40.0,33.0,40.0,69.0,17.0,41.0,78.0,21.0,14.0,20.0,21.0,14.0,18.0,26.0,69.0,82.0,90.0,73.0,37.0,10.0,40.0,23.0,26.0,24.0,33.0,49.0,17.0,11.0,17.0,10.0,25.0,79.0,39.0,16.0,27.0,14.0,30.0,44.0,39.0
73,18.0,8.0,37.0,21.0,17.0,413.0,27.0,45.0,17.0,26.0,10.0,12.0,71.0,19.0,23.0,40.0,4.0,31.0,23.0,20.0,39.0,13.0,24.0,62.0,16.0,15.0,6.0,11.0,10.0,11.0,19.0,63.0,44.0,54.0,40.0,23.0,9.0,22.0,13.0,12.0,19.0,24.0,26.0,12.0,8.0,7.0,17.0,3.0,48.0,14.0,7.0,13.0,13.0,19.0,35.0,16.0
74,24.0,13.0,43.0,27.0,22.0,538.0,31.0,69.0,21.0,32.0,14.0,13.0,84.0,25.0,22.0,42.0,8.0,34.0,21.0,31.0,63.0,18.0,27.0,59.0,13.0,14.0,20.0,22.0,12.0,5.0,17.0,68.0,57.0,49.0,48.0,23.0,5.0,23.0,8.0,8.0,13.0,35.0,28.0,16.0,14.0,11.0,10.0,19.0,56.0,20.0,6.0,19.0,8.0,31.0,42.0,38.0
75,32.0,20.0,50.0,36.0,36.0,1021.0,36.0,88.0,32.0,40.0,22.0,16.0,169.0,30.0,44.0,57.0,18.0,38.0,37.0,39.0,94.0,27.0,32.0,77.0,17.0,29.0,24.0,40.0,15.0,11.0,42.0,70.0,96.0,101.0,69.0,41.0,12.0,55.0,24.0,17.0,38.0,32.0,55.0,24.0,16.0,26.0,23.0,34.0,81.0,36.0,14.0,27.0,14.0,28.0,54.0,35.0
76,30.0,15.0,48.0,48.0,27.0,806.0,43.0,130.0,25.0,63.0,18.0,19.0,104.0,37.0,43.0,48.0,21.0,42.0,43.0,40.0,123.0,23.0,47.0,95.0,26.0,23.0,17.0,34.0,13.0,12.0,51.0,79.0,91.0,109.0,65.0,41.0,6.0,63.0,17.0,17.0,19.0,35.0,54.0,30.0,23.0,10.0,18.0,29.0,90.0,31.0,20.0,21.0,10.0,39.0,54.0,52.0
77,36.0,11.0,59.0,42.0,31.0,412.0,36.0,86.0,26.0,32.0,13.0,20.0,116.0,28.0,26.0,48.0,9.0,49.0,30.0,38.0,78.0,18.0,34.0,97.0,21.0,20.0,17.0,31.0,10.0,11.0,28.0,101.0,93.0,60.0,59.0,27.0,8.0,65.0,24.0,13.0,14.0,37.0,48.0,11.0,15.0,9.0,13.0,16.0,74.0,26.0,11.0,18.0,6.0,32.0,66.0,40.0
78,23.0,19.0,37.0,26.0,21.0,289.0,28.0,63.0,19.0,31.0,10.0,10.0,79.0,22.0,26.0,36.0,12.0,21.0,29.0,21.0,48.0,11.0,24.0,54.0,19.0,7.0,7.0,11.0,9.0,7.0,33.0,60.0,54.0,63.0,41.0,14.0,3.0,29.0,12.0,15.0,17.0,18.0,52.0,12.0,14.0,13.0,11.0,16.0,49.0,14.0,9.0,15.0,10.0,27.0,31.0,17.0
79,31.0,22.0,68.0,57.0,36.0,751.0,52.0,110.0,27.0,58.0,15.0,28.0,203.0,44.0,38.0,57.0,17.0,59.0,51.0,57.0,100.0,31.0,52.0,99.0,25.0,19.0,24.0,44.0,17.0,14.0,63.0,113.0,93.0,127.0,67.0,43.0,14.0,56.0,24.0,24.0,36.0,47.0,60.0,26.0,28.0,17.0,21.0,49.0,99.0,30.0,15.0,27.0,22.0,47.0,77.0,48.0
80,19.0,9.0,22.0,22.0,16.0,41.0,18.0,50.0,5.0,28.0,6.0,10.0,61.0,12.0,22.0,30.0,9.0,29.0,25.0,23.0,55.0,11.0,13.0,52.0,4.0,21.0,7.0,12.0,11.0,2.0,21.0,49.0,43.0,51.0,30.0,43.0,6.0,53.0,9.0,5.0,6.0,16.0,11.0,10.0,6.0,6.0,8.0,11.0,54.0,10.0,6.0,6.0,8.0,14.0,37.0,35.0
81,8.0,0.0,22.0,14.0,4.0,35.0,7.0,27.0,7.0,11.0,3.0,2.0,92.0,12.0,7.0,13.0,3.0,10.0,12.0,13.0,27.0,8.0,8.0,23.0,3.0,6.0,3.0,6.0,3.0,1.0,6.0,24.0,20.0,18.0,22.0,24.0,2.0,19.0,7.0,4.0,4.0,11.0,11.0,3.0,3.0,0.0,7.0,9.0,25.0,7.0,4.0,2.0,7.0,8.0,13.0,10.0
82,20.0,5.0,19.0,12.0,12.0,21.0,19.0,57.0,11.0,15.0,7.0,6.0,52.0,11.0,11.0,52.0,6.0,31.0,26.0,39.0,68.0,6.0,29.0,84.0,4.0,6.0,7.0,6.0,7.0,4.0,9.0,67.0,43.0,66.0,44.0,37.0,1.0,11.0,4.0,5.0,6.0,13.0,16.0,2.0,5.0,7.0,4.0,9.0,72.0,9.0,4.0,5.0,7.0,11.0,62.0,23.0
83,26.0,9.0,28.0,27.0,4.0,42.0,24.0,81.0,18.0,31.0,5.0,10.0,783.0,18.0,26.0,34.0,9.0,38.0,22.0,39.0,59.0,13.0,28.0,49.0,7.0,5.0,9.0,11.0,9.0,6.0,25.0,43.0,41.0,47.0,41.0,42.0,6.0,20.0,3.0,5.0,19.0,24.0,31.0,2.0,8.0,9.0,6.0,19.0,49.0,15.0,4.0,17.0,4.0,20.0,37.0,25.0
84,11.0,5.0,29.0,11.0,10.0,26.0,6.0,41.0,6.0,10.0,4.0,3.0,84.0,8.0,7.0,27.0,4.0,25.0,21.0,18.0,26.0,3.0,18.0,41.0,0.0,7.0,6.0,5.0,3.0,3.0,14.0,42.0,28.0,38.0,33.0,14.0,4.0,15.0,2.0,3.0,11.0,6.0,9.0,5.0,5.0,1.0,1.0,3.0,39.0,9.0,6.0,4.0,2.0,10.0,27.0,13.0
85,18.0,4.0,18.0,12.0,9.0,44.0,20.0,39.0,5.0,10.0,9.0,2.0,653.0,11.0,6.0,25.0,9.0,27.0,25.0,17.0,46.0,6.0,16.0,46.0,4.0,5.0,5.0,8.0,3.0,3.0,10.0,38.0,26.0,55.0,26.0,20.0,5.0,16.0,5.0,7.0,9.0,17.0,19.0,5.0,4.0,6.0,12.0,11.0,36.0,5.0,5.0,5.0,0.0,7.0,32.0,12.0
86,21.0,6.0,44.0,18.0,17.0,72.0,24.0,72.0,6.0,21.0,6.0,7.0,271.0,14.0,16.0,51.0,7.0,47.0,35.0,25.0,77.0,11.0,42.0,68.0,5.0,4.0,7.0,12.0,12.0,3.0,17.0,70.0,59.0,71.0,52.0,23.0,5.0,17.0,12.0,8.0,8.0,17.0,25.0,8.0,8.0,6.0,4.0,8.0,71.0,9.0,1.0,14.0,4.0,14.0,44.0,29.0
87,26.0,9.0,51.0,41.0,20.0,78.0,42.0,96.0,26.0,83.0,9.0,5.0,6447.0,21.0,30.0,32.0,14.0,86.0,23.0,35.0,95.0,16.0,28.0,81.0,12.0,9.0,11.0,20.0,15.0,11.0,52.0,73.0,80.0,156.0,62.0,28.0,5.0,36.0,9.0,4.0,19.0,35.0,40.0,8.0,9.0,8.0,8.0,14.0,68.0,14.0,6.0,12.0,7.0,32.0,46.0,27.0
88,9.0,5.0,9.0,5.0,6.0,12.0,12.0,37.0,3.0,8.0,2.0,0.0,39.0,7.0,9.0,25.0,6.0,17.0,19.0,27.0,27.0,2.0,9.0,46.0,1.0,3.0,3.0,4.0,3.0,3.0,3.0,24.0,19.0,28.0,20.0,35.0,3.0,11.0,2.0,2.0,7.0,5.0,10.0,3.0,2.0,0.0,2.0,2.0,34.0,5.0,1.0,4.0,1.0,3.0,28.0,4.0
89,8.0,4.0,7.0,6.0,4.0,15.0,10.0,16.0,4.0,2.0,2.0,2.0,140.0,10.0,3.0,10.0,1.0,9.0,14.0,10.0,21.0,2.0,11.0,23.0,1.0,3.0,4.0,2.0,4.0,1.0,5.0,20.0,14.0,22.0,22.0,14.0,4.0,4.0,2.0,1.0,3.0,1.0,4.0,4.0,0.0,4.0,4.0,3.0,15.0,3.0,2.0,4.0,1.0,2.0,12.0,8.0
90,20.0,2.0,15.0,8.0,8.0,11.0,7.0,36.0,8.0,9.0,3.0,1.0,71.0,7.0,9.0,36.0,9.0,30.0,25.0,16.0,40.0,5.0,15.0,43.0,1.0,7.0,4.0,3.0,11.0,2.0,6.0,60.0,21.0,51.0,34.0,26.0,2.0,8.0,4.0,2.0,3.0,3.0,6.0,0.0,3.0,1.0,1.0,7.0,36.0,4.0,1.0,1.0,0.0,6.0,36.0,9.0
91,21.0,4.0,32.0,13.0,9.0,37.0,15.0,56.0,10.0,19.0,9.0,6.0,1179.0,6.0,8.0,37.0,5.0,31.0,19.0,22.0,41.0,11.0,20.0,48.0,1.0,6.0,5.0,11.0,6.0,3.0,16.0,59.0,37.0,68.0,33.0,29.0,4.0,13.0,2.0,6.0,7.0,7.0,17.0,3.0,3.0,3.0,4.0,10.0,48.0,7.0,4.0,2.0,2.0,7.0,28.0,14.0
92,17.0,4.0,24.0,21.0,16.0,25.0,32.0,75.0,12.0,33.0,6.0,9.0,135.0,12.0,21.0,29.0,6.0,35.0,23.0,27.0,57.0,4.0,27.0,53.0,3.0,16.0,4.0,13.0,11.0,7.0,20.0,65.0,35.0,62.0,43.0,37.0,4.0,23.0,5.0,9.0,13.0,23.0,26.0,10.0,6.0,5.0,4.0,8.0,58.0,11.0,2.0,11.0,3.0,16.0,34.0,26.0
93,13.0,5.0,14.0,17.0,12.0,33.0,14.0,48.0,7.0,15.0,7.0,2.0,183.0,8.0,7.0,21.0,7.0,26.0,19.0,16.0,54.0,7.0,18.0,41.0,3.0,9.0,9.0,10.0,3.0,5.0,17.0,54.0,20.0,32.0,40.0,37.0,3.0,12.0,7.0,5.0,10.0,18.0,19.0,10.0,11.0,13.0,4.0,8.0,38.0,7.0,4.0,4.0,10.0,9.0,30.0,17.0
94,38.0,7.0,28.0,29.0,14.0,40.0,28.0,81.0,17.0,32.0,10.0,5.0,100.0,13.0,11.0,45.0,11.0,43.0,28.0,40.0,85.0,7.0,31.0,79.0,2.0,8.0,8.0,12.0,9.0,8.0,22.0,70.0,46.0,77.0,64.0,57.0,7.0,19.0,4.0,6.0,8.0,27.0,20.0,8.0,5.0,7.0,5.0,10.0,75.0,9.0,2.0,10.0,2.0,21.0,52.0,25.0
95,49.0,12.0,59.0,63.0,30.0,106.0,42.0,164.0,32.0,92.0,26.0,26.0,1645.0,35.0,43.0,80.0,20.0,71.0,50.0,66.0,122.0,19.0,47.0,125.0,17.0,25.0,16.0,31.0,23.0,10.0,68.0,105.0,82.0,126.0,94.0,94.0,15.0,41.0,26.0,13.0,22.0,48.0,57.0,22.0,23.0,10.0,22.0,25.0,111.0,22.0,9.0,24.0,15.0,36.0,91.0,43.0
